Дата;Клиент;ID клиента;Кампания;ID кампании;Запись;ID записи;Потрачено, руб.;Выполненные заявки;Переходы по ссылкам; Вступления; Охват; Охват подписчиков;Отметки «Нравится»;Поделилось;Комментарии
2024-03-01;726-104 Логопеды;2003663680; Логопед посевы 2024;1338427;t28.4_k63_group 17;4802503;857;1;13;0;15726;14549;8;1;0
2024-03-01;726-104 Логопеды;2003663680; Логопед посевы 2024;1338427;t43.4_k40_group 16;4802514;428;1;5;0;10402;10235;6;0;0
2024-03-01;726-104 Логопеды;2003663680; Логопед посевы 2024;1338427;t43.4_k40_group 13;4802510;857;1;10;0;12932;11492;10;0;0
2024-03-01;726-104 Логопеды;2003663680; Логопед посевы 2024;1338427;t28.4_k63_group 10;4802365;428;1;3;0;9210;9126;0;0;0
2024-03-01;726-104 Логопеды;2003663680; Логопед посевы 2024;1338427;t24_k46.1_group 12;4802564;342;1;1;0;8545;8252;2;1;0
2024-03-01;726-104 Логопеды;2003663680; Логопед посевы 2024;1338427;t24_k46.1_group 25;4802969;1182;1;8;0;13251;11497;14;2;0
2024-03-01;726-104 Логопеды;2003663680; Логопед посевы 2024;1338427;t24_k46.1_group 24;4802967;360;1;2;0;7898;7538;4;0;0
2024-03-01;726-104 Логопеды;2003663680; Логопед посевы 2024;1338427;t26_k76_group 23;4802897;514;1;4;0;9404;9404;8;0;0
2024-03-01;726-104 Логопеды;2003663680; Логопед посевы 2024;1338427;t43.4_k40_group 21;4802860;342;1;3;0;3724;3460;2;0;0
2024-03-01;726-104 Логопеды;2003663680; Логопед посевы 2024;1338427;t26_k76_group 9;4802407;394;1;13;0;9960;8442;10;0;0
2024-03-01;726-104 Логопеды;2003663680; Логопед посевы 2024;1338427;t43.4_k40_group 8;4802377;462;1;4;0;5185;5115;2;0;0
2024-03-01;726-104 Логопеды;2003663680; Логопед посевы 2024;1338427;t5_k26.1_group 6;4802425;1525;1;16;0;21500;19691;19;2;1
2024-03-01;726-104 Логопеды;2003663680; Логопед посевы 2024;1338427;t43.4_k40_group 5;4802374;882;1;6;0;11734;11711;3;0;0
2024-03-01;726-104 Логопеды;2003663680; Логопед посевы 2024;1338427;t28.4_k63_group 3;4802357;1971;1;5;0;15424;14414;10;1;0
2024-03-01;726-104 Логопеды;2003663680; Логопед посевы 2024;1338427;t43.4_k40_group 2;4802367;565;1;9;0;8088;7253;6;0;0
2024-03-02;726-104 Логопеды;2003663680; Логопед посевы 2024;1338427;t26_k76_group 20;4802542;471;1;4;0;9086;8817;6;0;0
2024-03-02;726-104 Логопеды;2003663680; Логопед посевы 2024;1338427;t28.4_k63_group 22;4802845;720;1;16;0;37652;36135;27;2;1
2024-03-02;726-104 Логопеды;2003663680; Логопед посевы 2024;1338427;t26_k76_group 19;4802541;805;1;2;0;15263;15263;8;0;2
2024-03-02;726-104 Логопеды;2003663680; Логопед посевы 2024;1338427;t26_k76_group 11;4802532;900;1;0;0;9168;8454;2;0;3
2024-03-02;726-104 Логопеды;2003663680; Логопед посевы 2024;1338427;t26_k76_group 7;4802403;600;1;7;0;7510;7426;2;0;0
2024-03-02;726-104 Логопеды;2003663680; Логопед посевы 2024;1338427;t28.4_k63_group 4;4802358;257;1;3;0;3693;3088;2;0;0
2024-03-02;726-104 Логопеды;2003663680; Логопед посевы 2024;1338427;t24_k46.1_group 1;4802441;857;1;4;0;5720;5542;3;0;0
2024-03-03;726-104 Логопеды;2003663680; Логопед посевы 2024;1338427;t26_k76_group 17;4802539;857;1;3;0;5789;5221;8;2;0
2024-03-03;726-104 Логопеды;2003663680; Логопед посевы 2024;1338427;t26_k76_group 13;4802535;857;1;4;0;9541;8610;11;2;0
2024-03-03;726-104 Логопеды;2003663680; Логопед посевы 2024;1338427;t43.4_k40_group 10;4802380;428;1;3;0;11803;11632;6;1;1
2024-03-03;726-104 Логопеды;2003663680; Логопед посевы 2024;1338427;t26_k76_group 12;4802533;342;1;1;0;4282;4073;3;1;0
2024-03-03;726-104 Логопеды;2003663680; Логопед посевы 2024;1338427;t28.4_k63_group 25;4802852;1182;1;17;0;14861;13191;13;0;0
2024-03-03;726-104 Логопеды;2003663680; Логопед посевы 2024;1338427;t24_k46.1_group 23;4802965;514;1;3;0;4508;4470;4;0;0
2024-03-03;726-104 Логопеды;2003663680; Логопед посевы 2024;1338427;t28.4_k63_group 21;4802837;342;1;8;0;9623;9151;7;1;0
2024-03-03;726-104 Логопеды;2003663680; Логопед посевы 2024;1338427;t26_k76_group 18;4802540;514;1;10;0;11805;11788;13;1;0
2024-03-03;726-104 Логопеды;2003663680; Логопед посевы 2024;1338427;t26_k76_group 14;4802536;171;1;0;0;1134;1134;0;0;0
2024-03-03;726-104 Логопеды;2003663680; Логопед посевы 2024;1338427;t5_k26.1_group 11;4802543;900;1;4;0;9297;8443;5;1;1
2024-03-03;726-104 Логопеды;2003663680; Логопед посевы 2024;1338427;t24_k46.1_group 8;4802449;462;1;2;0;6127;6102;0;0;0
2024-03-03;726-104 Логопеды;2003663680; Логопед посевы 2024;1338427;t43.4_k40_group 6;4802375;1525;1;8;0;24070;21805;16;0;0
2024-03-03;726-104 Логопеды;2003663680; Логопед посевы 2024;1338427;t24_k46.1_group 5;4802446;882;1;3;0;12878;12768;4;0;0
2024-03-03;726-104 Логопеды;2003663680; Логопед посевы 2024;1338427;t43.4_k40_group 3;4802372;1971;1;4;0;15414;14522;13;0;0
2024-03-04;726-104 Логопеды;2003663680; Логопед посевы 2024;1338427;t28.4_k63_group 16;4802502;428;1;6;0;12389;12238;2;0;0
2024-03-04;726-104 Логопеды;2003663680; Логопед посевы 2024;1338427;t43.4_k40_group 24;4802863;360;1;1;0;6012;5642;0;0;1
2024-03-04;726-104 Логопеды;2003663680; Логопед посевы 2024;1338427;t43.4_k40_group 22;4802861;720;1;9;0;27858;26225;30;2;2
2024-03-04;726-104 Логопеды;2003663680; Логопед посевы 2024;1338427;t43.4_k40_group 19;4802517;805;1;1;0;8095;7977;2;0;0
2024-03-04;726-104 Логопеды;2003663680; Логопед посевы 2024;1338427;t5_k26.1_group 14;4802546;171;1;0;0;687;687;2;0;0
2024-03-04;726-104 Логопеды;2003663680; Логопед посевы 2024;1338427;t43.4_k40_group 9;4802378;394;1;8;0;5743;5009;1;0;0
2024-03-04;726-104 Логопеды;2003663680; Логопед посевы 2024;1338427;t43.4_k40_group 7;4802376;600;1;2;0;8817;8715;1;0;0
2024-03-04;726-104 Логопеды;2003663680; Логопед посевы 2024;1338427;t43.4_k40_group 4;4802373;257;1;2;0;3012;2390;1;0;0
2024-03-04;726-104 Логопеды;2003663680; Логопед посевы 2024;1338427;t43.4_k40_group 1;4802366;857;1;19;0;15114;15057;6;1;0
2024-03-04;726-104 Логопеды;2003663680; Логопед посевы 2024;1338427;t28.4_k63_group 2;4802356;565;1;8;0;11747;11088;11;2;0
2024-03-05;726-104 Логопеды;2003663680; Логопед посевы 2024;1338427;t43.4_k40_group 25;4802865;1182;1;3;0;10081;8996;9;1;1
2024-03-05;726-104 Логопеды;2003663680; Логопед посевы 2024;1338427;t5_k26.1_group 23;4802937;514;1;0;0;6134;6109;3;1;0
2024-03-05;726-104 Логопеды;2003663680; Логопед посевы 2024;1338427;t24_k46.1_group 20;4802577;514;1;2;0;9362;9263;2;1;0
2024-03-05;726-104 Логопеды;2003663680; Логопед посевы 2024;1338427;t26_k76_group 8;4802404;480;1;7;0;4711;4614;3;1;0
2024-03-05;726-104 Логопеды;2003663680; Логопед посевы 2024;1338427;t28.4_k63_group 6;4802360;1577;1;15;0;29581;28666;28;0;1
2024-03-05;726-104 Логопеды;2003663680; Логопед посевы 2024;1338427;t28.4_k63_group 5;4802359;882;1;3;0;11275;11191;7;0;0
2024-03-05;726-104 Логопеды;2003663680; Логопед посевы 2024;1338427;t26_k76_group 3;4802394;1971;1;13;0;32029;31159;25;1;0
2024-03-06;726-104 Логопеды;2003663680; Логопед посевы 2024;1338427;t26_k76_group 24;4802901;360;1;2;0;7323;7218;3;0;0
2024-03-06;726-104 Логопеды;2003663680; Логопед посевы 2024;1338427;t26_k76_group 21;4802893;342;1;4;0;4752;4385;3;1;0
2024-03-06;726-104 Логопеды;2003663680; Логопед посевы 2024;1338427;t28.4_k63_group 18;4802504;514;1;5;0;8242;8197;9;0;0
2024-03-06;726-104 Логопеды;2003663680; Логопед посевы 2024;1338427;t28.4_k63_group 14;4802499;171;1;1;0;1925;1925;1;0;0
2024-03-06;726-104 Логопеды;2003663680; Логопед посевы 2024;1338427;t28.4_k63_group 11;4802484;900;1;4;0;11864;10731;1;0;0
2024-03-06;726-104 Логопеды;2003663680; Логопед посевы 2024;1338427;t26_k76_group 9;4802407;394;1;8;0;7383;6739;7;1;3
2024-03-06;726-104 Логопеды;2003663680; Логопед посевы 2024;1338427;t5_k26.1_group 7;4802427;685;1;2;0;5396;5322;2;0;0
2024-03-06;726-104 Логопеды;2003663680; Логопед посевы 2024;1338427;t5_k26.1_group 4;4802423;274;1;1;0;5302;4510;7;0;0
2024-03-06;726-104 Логопеды;2003663680; Логопед посевы 2024;1338427;t24_k46.1_group 3;4802444;1971;1;6;0;19143;17383;13;2;0
2024-03-06;726-104 Логопеды;2003663680; Логопед посевы 2024;1338427;t26_k76_group 2;4802393;565;1;6;0;9588;9287;6;0;0
2024-03-06;726-104 Логопеды;2003663680; Логопед посевы 2024;1338427;t5_k26.1_group 1;4802417;942;1;12;0;12325;12036;7;0;0
2024-03-07;726-104 Логопеды;2003663680; Логопед посевы 2024;1338427;t26_k76_group 25;4802902;1182;1;5;0;12205;11579;15;1;1
2024-03-07;726-104 Логопеды;2003663680; Логопед посевы 2024;1338427;t5_k26.1_group 24;4802940;360;1;7;0;9127;9025;6;1;2
2024-03-07;726-104 Логопеды;2003663680; Логопед посевы 2024;1338427;t26_k76_group 23;4802897;514;1;1;0;3262;3160;1;0;0
2024-03-07;726-104 Логопеды;2003663680; Логопед посевы 2024;1338427;t28.4_k63_group 20;4802507;514;1;5;0;9890;9777;6;0;0
2024-03-07;726-104 Логопеды;2003663680; Логопед посевы 2024;1338427;t28.4_k63_group 19;4802506;805;1;4;0;16637;16637;10;0;0
2024-03-07;726-104 Логопеды;2003663680; Логопед посевы 2024;1338427;t24_k46.1_group 8;4802449;480;1;0;0;3858;3723;3;0;0
2024-03-07;726-104 Логопеды;2003663680; Логопед посевы 2024;1338427;t24_k46.1_group 6;4802447;1577;1;5;0;13072;12229;13;0;0
2024-03-07;726-104 Логопеды;2003663680; Логопед посевы 2024;1338427;t5_k26.1_group 5;4802424;882;1;4;0;8311;8225;8;2;0
2024-03-08;726-104 Логопеды;2003663680; Логопед посевы 2024;1338427;t43.4_k40_group 21;4802860;342;1;2;0;2479;2205;0;0;0
2024-03-08;726-104 Логопеды;2003663680; Логопед посевы 2024;1338427;t43.4_k40_group 18;4802516;514;1;2;0;4546;4430;3;0;0
2024-03-08;726-104 Логопеды;2003663680; Логопед посевы 2024;1338427;t26_k76_group 11;4802532;900;1;1;0;7636;6300;4;0;0
2024-03-08;726-104 Логопеды;2003663680; Логопед посевы 2024;1338427;t5_k26.1_group 9;4802430;394;1;4;0;6295;5826;7;0;1
2024-03-08;726-104 Логопеды;2003663680; Логопед посевы 2024;1338427;t26_k76_group 7;4802403;685;1;1;0;10094;9940;5;0;0
2024-03-08;726-104 Логопеды;2003663680; Логопед посевы 2024;1338427;t26_k76_group 4;4802396;274;1;5;0;7259;6140;7;2;1
2024-03-08;726-104 Логопеды;2003663680; Логопед посевы 2024;1338427;t24_k46.1_group 2;4802443;565;1;4;0;8181;7978;3;0;0
2024-03-08;726-104 Логопеды;2003663680; Логопед посевы 2024;1338427;t28.4_k63_group 1;4802354;942;1;5;0;8499;8452;5;0;0
2024-03-09;726-104 Логопеды;2003663680; Логопед посевы 2024;1338427;t5_k26.1_group 25;4802943;1182;1;4;0;11331;10045;7;0;0
2024-03-09;726-104 Логопеды;2003663680; Логопед посевы 2024;1338427;t5_k26.1_group 23;4802937;514;1;1;0;3707;3580;3;0;1
2024-03-09;726-104 Логопеды;2003663680; Логопед посевы 2024;1338427;t26_k76_group 22;4802896;720;1;7;0;18637;18256;14;1;1
2024-03-09;726-104 Логопеды;2003663680; Логопед посевы 2024;1338427;t24_k46.1_group 20;4802577;514;1;3;0;10620;10016;9;0;0
2024-03-09;726-104 Логопеды;2003663680; Логопед посевы 2024;1338427;t5_k26.1_group 19;4802552;805;1;0;0;11046;11006;4;0;0
2024-03-09;726-104 Логопеды;2003663680; Логопед посевы 2024;1338427;t5_k26.1_group 18;4802551;514;1;8;0;8582;8111;12;1;0
2024-03-09;726-104 Логопеды;2003663680; Логопед посевы 2024;1338427;t28.4_k63_group 8;4802362;480;1;5;0;11632;11632;1;0;0
2024-03-09;726-104 Логопеды;2003663680; Логопед посевы 2024;1338427;t43.4_k40_group 6;4802375;1577;1;10;0;18223;17649;18;2;1
2024-03-09;726-104 Логопеды;2003663680; Логопед посевы 2024;1338427;t26_k76_group 5;4802400;882;1;3;0;28398;27672;14;2;0
2024-03-09;726-104 Логопеды;2003663680; Логопед посевы 2024;1338427;t43.4_k40_group 3;4802372;1971;1;10;0;22805;21964;11;0;0
2024-03-10;726-104 Логопеды;2003663680; Логопед посевы 2024;1338427;t26_k76_group 24;4802901;360;1;3;0;6285;6027;2;0;0
2024-03-10;726-104 Логопеды;2003663680; Логопед посевы 2024;1338427;t26_k76_group 21;4802893;342;1;3;0;4343;3873;9;0;1
2024-03-10;726-104 Логопеды;2003663680; Логопед посевы 2024;1338427;t28.4_k63_group 14;4802499;171;1;0;0;2721;2721;2;0;0
2024-03-10;726-104 Логопеды;2003663680; Логопед посевы 2024;1338427;t24_k46.1_group 11;4802554;900;1;3;0;8015;6607;1;0;0
2024-03-10;726-104 Логопеды;2003663680; Логопед посевы 2024;1338427;t28.4_k63_group 9;4802364;394;1;1;0;6074;4857;1;0;0
2024-03-10;726-104 Логопеды;2003663680; Логопед посевы 2024;1338427;t28.4_k63_group 4;4802358;274;1;5;0;5672;4837;3;0;0
2024-03-10;726-104 Логопеды;2003663680; Логопед посевы 2024;1338427;t43.4_k40_group 2;4802367;565;1;9;0;6204;5775;3;0;0
2024-03-10;726-104 Логопеды;2003663680; Логопед посевы 2024;1338427;t26_k76_group 1;4802392;942;1;31;0;23406;22067;26;2;0
2024-03-11;726-104 Логопеды;2003663680; Логопед посевы 2024;1338427;t43.4_k40_group 1;4802366;857;1;24;0;22467;22282;14;1;0
2024-03-11;726-104 Логопеды;2003663680; Логопед посевы 2024;1338427;t28.4_k63_group 25;4802852;1182;1;11;0;14456;13814;8;0;0
2024-03-11;726-104 Логопеды;2003663680; Логопед посевы 2024;1338427;t26_k76_group 23;4802897;514;1;2;0;13596;13478;5;0;0
2024-03-11;726-104 Логопеды;2003663680; Логопед посевы 2024;1338427;t28.4_k63_group 22;4802845;720;1;22;0;38204;37785;29;2;0
2024-03-11;726-104 Логопеды;2003663680; Логопед посевы 2024;1338427;t28.4_k63_group 20;4802507;514;1;7;0;9230;8954;4;0;0
2024-03-11;726-104 Логопеды;2003663680; Логопед посевы 2024;1338427;t24_k46.1_group 19;4802576;805;1;7;0;24834;24162;4;0;1
2024-03-11;726-104 Логопеды;2003663680; Логопед посевы 2024;1338427;t26_k76_group 8;4802404;480;1;8;0;17646;17594;12;3;0
2024-03-11;726-104 Логопеды;2003663680; Логопед посевы 2024;1338427;t26_k76_group 6;4802402;1577;1;13;0;24672;23702;25;4;2
2024-03-11;726-104 Логопеды;2003663680; Логопед посевы 2024;1338427;t28.4_k63_group 5;4802359;882;1;4;0;11282;11034;11;0;0
2024-03-12;726-104 Логопеды;2003663680; Логопед посевы 2024;1338427;t43.4_k40_group 27;4802869;428;1;1;0;1969;1888;0;0;0
2024-03-12;726-104 Логопеды;2003663680; Логопед посевы 2024;1338427;t28.4_k63_group 26;4802854;385;1;3;0;1757;1527;2;0;0
2024-03-12;726-104 Логопеды;2003663680; Логопед посевы 2024;1338427;t5_k26.1_group 20;4802553;514;1;3;1;8555;8477;4;0;0
2024-03-12;726-104 Логопеды;2003663680; Логопед посевы 2024;1338427;t43.4_k40_group 13;4802510;857;1;0;0;7040;6549;4;0;0
2024-03-12;726-104 Логопеды;2003663680; Логопед посевы 2024;1338427;t43.4_k40_group 9;4802378;394;1;5;0;5351;4754;2;0;0
2024-03-12;726-104 Логопеды;2003663680; Логопед посевы 2024;1338427;t26_k76_group 3;4802394;1971;1;4;0;13300;12912;4;0;0
2024-03-12;726-104 Логопеды;2003663680; Логопед посевы 2024;1338427;t28.4_k63_group 2;4802356;565;1;10;0;12976;12736;5;0;0
2024-03-13;726-104 Логопеды;2003663680; Логопед посевы 2024;1338427;t28.4_k63_group 7;4802361;857;1;2;0;8153;8060;2;0;0
2024-03-13;726-104 Логопеды;2003663680; Логопед посевы 2024;1338427;t28.4_k63_group 17;4802503;857;1;17;0;35967;34824;17;2;1
2024-03-13;726-104 Логопеды;2003663680; Логопед посевы 2024;1338427;t43.4_k40_group 30;4802872;685;1;2;0;3309;3255;1;0;0
2024-03-13;726-104 Логопеды;2003663680; Логопед посевы 2024;1338427;t43.4_k40_group 32;4806276;685;1;5;0;8150;8150;3;0;0
2024-03-13;726-104 Логопеды;2003663680; Логопед посевы 2024;1338427;t43.4_k40_group 29;4802871;3000;1;10;0;12120;10981;13;1;1
2024-03-13;726-104 Логопеды;2003663680; Логопед посевы 2024;1338427;t43.4_k40_group 28;4802870;685;1;4;0;3864;3817;5;0;0
2024-03-13;726-104 Логопеды;2003663680; Логопед посевы 2024;1338427;t24_k46.1_group 25;4802969;1182;1;5;0;11969;11289;6;0;0
2024-03-13;726-104 Логопеды;2003663680; Логопед посевы 2024;1338427;t43.4_k40_group 11;4802508;900;1;7;0;10649;10001;4;0;1
2024-03-13;726-104 Логопеды;2003663680; Логопед посевы 2024;1338427;t26_k76_group 10;4802408;428;1;0;0;6721;6669;1;0;0
2024-03-13;726-104 Логопеды;2003663680; Логопед посевы 2024;1338427;t43.4_k40_group 8;4802377;462;1;1;0;8999;8992;4;0;0
2024-03-13;726-104 Логопеды;2003663680; Логопед посевы 2024;1338427;t28.4_k63_group 5;4802359;874;1;4;0;12365;12276;4;1;0
2024-03-13;726-104 Логопеды;2003663680; Логопед посевы 2024;1338427;t26_k76_group 4;4802396;257;1;3;0;3781;3277;7;1;0
2024-03-14;726-104 Логопеды;2003663680; Логопед посевы 2024;1338427;t28.4_k63_group 33;4806267;377;1;1;0;1266;1226;3;0;0
2024-03-14;726-104 Логопеды;2003663680; Логопед посевы 2024;1338427;t28.4_k63_group 27;4802855;428;1;1;0;2576;2424;2;0;0
2024-03-14;726-104 Логопеды;2003663680; Логопед посевы 2024;1338427;t43.4_k40_group 26;4802866;385;1;1;0;1419;1266;2;0;0
2024-03-14;726-104 Логопеды;2003663680; Логопед посевы 2024;1338427;t28.4_k63_group 21;4802837;342;1;3;0;3959;3633;0;0;0
2024-03-14;726-104 Логопеды;2003663680; Логопед посевы 2024;1338427;t28.4_k63_group 20;4802507;514;1;3;0;8378;8184;5;0;0
2024-03-14;726-104 Логопеды;2003663680; Логопед посевы 2024;1338427;t28.4_k63_group 13;4802498;857;1;2;0;7937;7320;6;1;0
2024-03-14;726-104 Логопеды;2003663680; Логопед посевы 2024;1338427;t26_k76_group 9;4802407;394;1;5;0;4435;3946;3;1;0
2024-03-14;726-104 Логопеды;2003663680; Логопед посевы 2024;1338427;t5_k26.1_group 6;4802425;1577;1;9;0;18252;17285;17;3;1
2024-03-14;726-104 Логопеды;2003663680; Логопед посевы 2024;1338427;t43.4_k40_group 2;4802367;565;1;6;0;8107;7895;4;0;0
2024-03-14;726-104 Логопеды;2003663680; Логопед посевы 2024;1338427;t5_k26.1_group 1;4802417;857;1;26;0;16993;16675;15;0;0
2024-03-15;726-104 Логопеды;2003663680; Логопед посевы 2024;1338427;t26_k76_group 7;4802403;857;1;5;0;9678;9423;3;0;0
2024-03-15;726-104 Логопеды;2003663680; Логопед посевы 2024;1338427;t43.4_k40_group 17;4802515;857;1;8;0;9744;9019;4;0;0
2024-03-15;726-104 Логопеды;2003663680; Логопед посевы 2024;1338427;t28.4_k63_group 30;4802859;685;1;0;0;4271;4211;2;0;0
2024-03-15;726-104 Логопеды;2003663680; Логопед посевы 2024;1338427;t28.4_k63_group 32;4806266;685;1;0;0;5423;5328;4;0;0
2024-03-15;726-104 Логопеды;2003663680; Логопед посевы 2024;1338427;t43.4_k40_group 31;4806275;668;1;1;0;11023;10943;5;1;0
2024-03-15;726-104 Логопеды;2003663680; Логопед посевы 2024;1338427;t28.4_k63_group 28;4802857;685;1;4;0;9439;9287;13;2;1
2024-03-15;726-104 Логопеды;2003663680; Логопед посевы 2024;1338427;t5_k26.1_group 11;4802543;900;1;5;0;9358;8670;3;0;0
2024-03-15;726-104 Логопеды;2003663680; Логопед посевы 2024;1338427;t28.4_k63_group 10;4802365;428;1;0;0;2972;2932;0;0;0
2024-03-15;726-104 Логопеды;2003663680; Логопед посевы 2024;1338427;t43.4_k40_group 9;4802378;394;1;10;0;6129;5868;3;0;0
2024-03-15;726-104 Логопеды;2003663680; Логопед посевы 2024;1338427;t26_k76_group 8;4802404;462;1;0;0;5113;4989;2;0;0
2024-03-15;726-104 Логопеды;2003663680; Логопед посевы 2024;1338427;t43.4_k40_group 5;4802374;874;1;3;0;8508;8154;5;0;0
2024-03-15;726-104 Логопеды;2003663680; Логопед посевы 2024;1338427;t5_k26.1_group 4;4802423;257;1;2;0;2818;2280;2;0;0
2024-03-15;726-104 Логопеды;2003663680; Логопед посевы 2024;1338427;t43.4_k40_group 3;4802372;1971;1;6;0;12329;11922;8;0;0
2024-03-15;726-104 Логопеды;2003663680; Логопед посевы 2024;1338427;t28.4_k63_group 2;4802356;565;1;7;0;11742;11446;4;0;0
2024-03-16;726-104 Логопеды;2003663680; Логопед посевы 2024;1338427;t26_k76_group 33;4806297;377;1;1;0;2878;2870;5;0;2
2024-03-16;726-104 Логопеды;2003663680; Логопед посевы 2024;1338427;t43.4_k40_group 34;4806278;855;1;6;0;9374;9078;11;0;0
2024-03-16;726-104 Логопеды;2003663680; Логопед посевы 2024;1338427;t26_k76_group 30;4802927;685;1;0;0;2253;2097;2;0;0
2024-03-16;726-104 Логопеды;2003663680; Логопед посевы 2024;1338427;t43.4_k40_group 27;4802869;428;1;4;0;2100;2028;1;0;0
2024-03-16;726-104 Логопеды;2003663680; Логопед посевы 2024;1338427;t28.4_k63_group 26;4802854;385;1;1;0;1974;1836;0;0;0
2024-03-16;726-104 Логопеды;2003663680; Логопед посевы 2024;1338427;t28.4_k63_group 25;4802852;1182;1;6;0;12105;11020;10;1;0
2024-03-16;726-104 Логопеды;2003663680; Логопед посевы 2024;1338427;t26_k76_group 18;4802540;514;1;3;0;5349;5088;2;0;0
2024-03-16;726-104 Логопеды;2003663680; Логопед посевы 2024;1338427;t43.4_k40_group 13;4802510;857;1;5;0;14400;13895;9;0;0
2024-03-16;726-104 Логопеды;2003663680; Логопед посевы 2024;1338427;t26_k76_group 6;4802402;1577;1;10;0;22351;21099;20;2;0
2024-03-16;726-104 Логопеды;2003663680; Логопед посевы 2024;1338427;t26_k76_group 4;4802396;257;1;3;0;3063;2393;4;0;0
2024-03-16;726-104 Логопеды;2003663680; Логопед посевы 2024;1338427;t43.4_k40_group 1;4802366;857;1;12;0;14385;13900;9;0;0
2024-03-17;726-104 Логопеды;2003663680; Логопед посевы 2024;1338427;t43.4_k40_group 7;4802376;857;1;2;0;5584;5473;1;0;0
2024-03-17;726-104 Логопеды;2003663680; Логопед посевы 2024;1338427;t24_k46.1_group 17;4802574;857;1;7;0;16177;15291;6;1;0
2024-03-17;726-104 Логопеды;2003663680; Логопед посевы 2024;1338427;t26_k76_group 32;4806296;685;1;10;0;17792;17792;16;2;1
2024-03-17;726-104 Логопеды;2003663680; Логопед посевы 2024;1338427;t28.4_k63_group 31;4806265;668;1;1;0;6673;6539;4;0;0
2024-03-17;726-104 Логопеды;2003663680; Логопед посевы 2024;1338427;t26_k76_group 28;4802920;685;1;1;0;2559;2481;0;0;0
2024-03-17;726-104 Логопеды;2003663680; Логопед посевы 2024;1338427;t26_k76_group 21;4802893;342;1;5;0;5359;4864;3;0;0
2024-03-17;726-104 Логопеды;2003663680; Логопед посевы 2024;1338427;t43.4_k40_group 20;4802518;514;1;6;0;8333;7953;3;1;0
2024-03-17;726-104 Логопеды;2003663680; Логопед посевы 2024;1338427;t28.4_k63_group 11;4802484;900;1;4;0;14775;14278;1;0;0
2024-03-17;726-104 Логопеды;2003663680; Логопед посевы 2024;1338427;t28.4_k63_group 22;4802845;720;1;11;0;35559;35170;31;1;0
2024-03-17;726-104 Логопеды;2003663680; Логопед посевы 2024;1338427;t43.4_k40_group 10;4802380;428;1;1;0;5083;4870;2;1;0
2024-03-17;726-104 Логопеды;2003663680; Логопед посевы 2024;1338427;t43.4_k40_group 8;4802377;462;1;3;0;11317;11317;4;0;0
2024-03-17;726-104 Логопеды;2003663680; Логопед посевы 2024;1338427;t24_k46.1_group 5;4802446;874;1;3;0;14120;14013;4;1;0
2024-03-18;726-104 Логопеды;2003663680; Логопед посевы 2024;1338427;t5_k26.1_group 25;4802943;1182;1;12;0;14423;13116;13;0;2
2024-03-18;726-104 Логопеды;2003663680; Логопед посевы 2024;1338427;t26_k76_group 34;4806298;855;1;4;0;9464;9284;8;1;0
2024-03-18;726-104 Логопеды;2003663680; Логопед посевы 2024;1338427;t43.4_k40_group 33;4806277;377;1;0;0;3162;3129;3;0;0
2024-03-18;726-104 Логопеды;2003663680; Логопед посевы 2024;1338427;t28.4_k63_group 27;4802855;428;1;5;0;6899;6821;8;0;0
2024-03-18;726-104 Логопеды;2003663680; Логопед посевы 2024;1338427;t43.4_k40_group 26;4802866;385;1;2;0;2783;2661;4;0;1
2024-03-18;726-104 Логопеды;2003663680; Логопед посевы 2024;1338427;t24_k46.1_group 18;4802575;514;1;3;0;7005;6846;6;1;0
2024-03-18;726-104 Логопеды;2003663680; Логопед посевы 2024;1338427;t28.4_k63_group 13;4802498;857;1;8;0;13106;12392;6;0;0
2024-03-18;726-104 Логопеды;2003663680; Логопед посевы 2024;1338427;t26_k76_group 9;4802407;394;1;11;0;8664;8307;12;0;0
2024-03-18;726-104 Логопеды;2003663680; Логопед посевы 2024;1338427;t28.4_k63_group 6;4802360;1577;1;12;0;40608;39850;33;2;0
2024-03-18;726-104 Логопеды;2003663680; Логопед посевы 2024;1338427;t5_k26.1_group 2;4802418;565;1;8;0;5712;5493;1;0;0
2024-03-18;726-104 Логопеды;2003663680; Логопед посевы 2024;1338427;t26_k76_group 1;4802392;857;1;15;0;15251;14282;13;2;0
2024-03-19;726-104 Логопеды;2003663680; Логопед посевы 2024;1338427;t28.4_k63_group 12;4802493;342;1;0;0;4767;4519;2;0;0
2024-03-19;726-104 Логопеды;2003663680; Логопед посевы 2024;1338427;t43.4_k40_group 32;4806276;685;1;4;0;8509;8461;4;0;1
2024-03-19;726-104 Логопеды;2003663680; Логопед посевы 2024;1338427;t43.4_k40_group 28;4802870;685;1;1;0;3508;3265;6;0;1
2024-03-19;726-104 Логопеды;2003663680; Логопед посевы 2024;1338427;t26_k76_group 20;4802542;514;1;0;0;7214;6908;3;1;2
2024-03-19;726-104 Логопеды;2003663680; Логопед посевы 2024;1338427;t5_k26.1_group 17;4802550;857;1;2;0;10937;10245;5;0;0
2024-03-19;726-104 Логопеды;2003663680; Логопед посевы 2024;1338427;t24_k46.1_group 11;4802554;900;1;1;0;7410;7029;3;1;0
2024-03-19;726-104 Логопеды;2003663680; Логопед посевы 2024;1338427;t24_k46.1_group 10;4802452;428;1;0;0;9520;9347;0;0;0
2024-03-19;726-104 Логопеды;2003663680; Логопед посевы 2024;1338427;t5_k26.1_group 7;4802427;857;1;5;0;4668;4668;1;0;0
2024-03-19;726-104 Логопеды;2003663680; Логопед посевы 2024;1338427;t5_k26.1_group 5;4802424;900;1;10;0;22300;22300;10;0;0
2024-03-19;726-104 Логопеды;2003663680; Логопед посевы 2024;1338427;t43.4_k40_group 4;4802373;257;1;3;0;4105;3302;3;2;0
2024-03-19;726-104 Логопеды;2003663680; Логопед посевы 2024;1338427;t24_k46.1_group 3;4802444;1971;1;5;0;24379;24014;7;1;0
2024-03-20;726-104 Логопеды;2003663680; Логопед посевы 2024;1338427;t26_k76_group 17;4802539;857;1;8;0;17848;17104;10;1;0
2024-03-20;726-104 Логопеды;2003663680; Логопед посевы 2024;1338427;t5_k26.1_group 9;4802430;394;1;4;0;4743;4504;2;0;1
2024-03-20;726-104 Логопеды;2003663680; Логопед посевы 2024;1338427;t24_k46.1_group 2;4802443;565;1;7;0;5714;5527;1;0;0
2024-03-20;726-104 Логопеды;2003663680; Логопед посевы 2024;1338427;t24_k46.1_group 1;4802441;857;1;10;0;11664;11575;3;0;0
2024-03-21;726-104 Логопеды;2003663680; Логопед посевы 2024;1338427;t26_k76_group 12;4802533;342;1;2;0;8681;8499;3;1;2
2024-03-21;726-104 Логопеды;2003663680; Логопед посевы 2024;1338427;t26_k76_group 8;4802404;462;1;11;0;22889;22676;12;0;0
2024-03-21;726-104 Логопеды;2003663680; Логопед посевы 2024;1338427;t24_k46.1_group 20;4802577;514;1;2;0;9288;9189;3;0;1
2024-03-21;726-104 Логопеды;2003663680; Логопед посевы 2024;1338427;t26_k76_group 11;4802532;900;1;8;0;9840;9623;3;1;1
2024-03-21;726-104 Логопеды;2003663680; Логопед посевы 2024;1338427;t26_k76_group 10;4802408;428;1;0;0;7991;7949;3;0;0
2024-03-21;726-104 Логопеды;2003663680; Логопед посевы 2024;1338427;t28.4_k63_group 7;4802361;857;1;3;0;5828;5633;0;0;0
2024-03-21;726-104 Логопеды;2003663680; Логопед посевы 2024;1338427;t26_k76_group 5;4802400;900;1;5;0;9058;8964;10;2;0
2024-03-21;726-104 Логопеды;2003663680; Логопед посевы 2024;1338427;t26_k76_group 4;4802396;257;1;2;0;3809;3371;2;0;0
2024-03-22;726-104 Логопеды;2003663680; Логопед посевы 2024;1338427;t43.4_k40_group 22;4802861;720;1;10;0;28042;27617;19;1;0
2024-03-22;726-104 Логопеды;2003663680; Логопед посевы 2024;1338427;t28.4_k63_group 18;4802504;514;1;2;0;5835;5768;5;2;0
2024-03-22;726-104 Логопеды;2003663680; Логопед посевы 2024;1338427;t43.4_k40_group 9;4802378;394;1;8;0;5786;5375;5;0;0
2024-03-22;726-104 Логопеды;2003663680; Логопед посевы 2024;1338427;t24_k46.1_group 6;4802447;1577;1;9;0;21026;20377;13;1;0
2024-03-22;726-104 Логопеды;2003663680; Логопед посевы 2024;1338427;t28.4_k63_group 3;4802357;1971;1;4;0;16494;15786;7;0;0
2024-03-22;726-104 Логопеды;2003663680; Логопед посевы 2024;1338427;t43.4_k40_group 2;4802367;565;1;5;0;5083;5012;0;0;0
2024-03-23;726-104 Логопеды;2003663680; Логопед посевы 2024;1338427;t24_k46.1_group 12;4802564;342;1;2;0;3532;3274;3;0;0
2024-03-23;726-104 Логопеды;2003663680; Логопед посевы 2024;1338427;t43.4_k40_group 8;4802377;462;1;6;0;6219;5972;2;0;0
2024-03-23;726-104 Логопеды;2003663680; Логопед посевы 2024;1338427;t28.4_k63_group 25;4802852;1182;1;11;0;18421;17425;24;0;0
2024-03-23;726-104 Логопеды;2003663680; Логопед посевы 2024;1338427;t26_k76_group 20;4802542;514;1;4;0;10467;10467;7;0;1
2024-03-23;726-104 Логопеды;2003663680; Логопед посевы 2024;1338427;t28.4_k63_group 17;4802503;857;1;6;0;13571;13202;7;0;0
2024-03-23;726-104 Логопеды;2003663680; Логопед посевы 2024;1338427;t43.4_k40_group 11;4802508;900;1;4;0;8134;7878;3;0;0
2024-03-23;726-104 Логопеды;2003663680; Логопед посевы 2024;1338427;t5_k26.1_group 10;4802433;428;1;3;0;6589;6504;0;0;1
2024-03-23;726-104 Логопеды;2003663680; Логопед посевы 2024;1338427;t24_k46.1_group 7;4802448;857;1;2;0;2314;2182;1;0;0
2024-03-23;726-104 Логопеды;2003663680; Логопед посевы 2024;1338427;t43.4_k40_group 5;4802374;900;1;9;0;24071;24071;13;1;0
2024-03-23;726-104 Логопеды;2003663680; Логопед посевы 2024;1338427;t43.4_k40_group 4;4802373;257;1;3;0;4054;3714;4;0;0
2024-03-24;726-104 Логопеды;2003663680; Логопед посевы 2024;1338427;t28.4_k63_group 19;4802506;788;1;2;0;21517;21498;15;0;0
2024-03-24;726-104 Логопеды;2003663680; Логопед посевы 2024;1338427;t28.4_k63_group 8;4802362;462;1;7;0;23806;23166;7;1;0
2024-03-24;726-104 Логопеды;2003663680; Логопед посевы 2024;1338427;t24_k46.1_group 17;4802574;857;1;8;0;19685;19464;7;0;1
2024-03-24;726-104 Логопеды;2003663680; Логопед посевы 2024;1338427;t24_k46.1_group 9;4802450;394;1;3;0;5726;5444;1;0;0
2024-03-24;726-104 Логопеды;2003663680; Логопед посевы 2024;1338427;t43.4_k40_group 6;4802375;1577;1;15;0;33656;32753;32;2;0
2024-03-24;726-104 Логопеды;2003663680; Логопед посевы 2024;1338427;t26_k76_group 2;4802393;565;1;5;0;8246;7987;8;2;0
2024-03-24;726-104 Логопеды;2003663680; Логопед посевы 2024;1338427;t28.4_k63_group 1;4802354;857;1;6;0;18480;18452;4;0;0
2024-03-25;726-104 Логопеды;2003663680; Логопед посевы 2024;1338427;t26_k76_group 9;4802407;394;1;4;0;7488;7309;7;0;0
2024-03-25;726-104 Логопеды;2003663680; Логопед посевы 2024;1338427;t43.4_k40_group 12;4802509;342;1;3;0;4873;4659;4;0;0
2024-03-25;726-104 Логопеды;2003663680; Логопед посевы 2024;1338427;t43.4_k40_group 25;4802865;1182;1;12;0;17375;16016;13;0;0
2024-03-25;726-104 Логопеды;2003663680; Логопед посевы 2024;1338427;t26_k76_group 22;4802896;720;1;6;0;36512;36279;21;2;2
2024-03-25;726-104 Логопеды;2003663680; Логопед посевы 2024;1338427;t24_k46.1_group 20;4802577;514;1;7;0;12328;12136;4;0;0
2024-03-25;726-104 Логопеды;2003663680; Логопед посевы 2024;1338427;t43.4_k40_group 18;4802516;514;1;8;0;12451;12113;12;1;1
2024-03-25;726-104 Логопеды;2003663680; Логопед посевы 2024;1338427;t28.4_k63_group 11;4802484;900;1;3;0;8865;8684;6;0;0
2024-03-25;726-104 Логопеды;2003663680; Логопед посевы 2024;1338427;t26_k76_group 10;4802408;428;1;3;0;10121;10121;6;0;1
2024-03-25;726-104 Логопеды;2003663680; Логопед посевы 2024;1338427;t43.4_k40_group 7;4802376;857;1;6;0;9638;9611;3;0;0
2024-03-25;726-104 Логопеды;2003663680; Логопед посевы 2024;1338427;t28.4_k63_group 5;4802359;900;1;7;0;35605;35605;24;0;0
2024-03-25;726-104 Логопеды;2003663680; Логопед посевы 2024;1338427;t26_k76_group 4;4802396;257;1;4;0;6840;6367;10;1;0
2024-03-26;726-104 Логопеды;2003663680; Логопед посевы 2024;1338427;t28.4_k63_group 36;4806270;600;1;5;0;1705;1602;2;0;0
2024-03-26;726-104 Логопеды;2003663680; Логопед посевы 2024;1338427;t26_k76_group 32;4806296;685;1;5;0;8384;8353;7;0;0
2024-03-26;726-104 Логопеды;2003663680; Логопед посевы 2024;1338427;t43.4_k40_group 27;4802869;428;1;3;0;2969;2838;1;0;0
2024-03-26;726-104 Логопеды;2003663680; Логопед посевы 2024;1338427;t26_k76_group 29;4802924;3171;1;12;0;15756;15001;25;3;2
2024-03-26;726-104 Логопеды;2003663680; Логопед посевы 2024;1338427;t26_k76_group 13;4802535;942;1;2;0;12245;11836;6;1;0
2024-03-26;726-104 Логопеды;2003663680; Логопед посевы 2024;1338427;t5_k26.1_group 2;4802418;565;1;7;0;13644;13357;6;1;0
2024-03-26;726-104 Логопеды;2003663680; Логопед посевы 2024;1338427;t24_k46.1_group 1;4802441;1028;1;5;0;9522;9302;1;0;0
2024-03-27;726-104 Логопеды;2003663680; Логопед посевы 2024;1338427;t5_k26.1_group 36;4806310;600;1;7;0;1930;1750;2;0;1
2024-03-27;726-104 Логопеды;2003663680; Логопед посевы 2024;1338427;t43.4_k40_group 34;4806278;855;1;4;0;15647;15426;17;0;1
2024-03-27;726-104 Логопеды;2003663680; Логопед посевы 2024;1338427;t28.4_k63_group 33;4806267;377;1;0;0;2701;2630;9;1;0
2024-03-27;726-104 Логопеды;2003663680; Логопед посевы 2024;1338427;t28.4_k63_group 28;4802857;685;1;5;0;5312;5213;1;0;1
2024-03-27;726-104 Логопеды;2003663680; Логопед посевы 2024;1338427;t26_k76_group 26;4802903;385;1;1;0;1462;1286;2;1;0
2024-03-27;726-104 Логопеды;2003663680; Логопед посевы 2024;1338427;t26_k76_group 21;4802893;342;1;2;0;6330;6087;7;0;0
2024-03-27;726-104 Логопеды;2003663680; Логопед посевы 2024;1338427;t43.4_k40_group 17;4802515;857;1;7;0;10397;9812;2;0;2
2024-03-27;726-104 Логопеды;2003663680; Логопед посевы 2024;1338427;t26_k76_group 11;4802532;900;1;8;0;14065;13678;4;0;1
2024-03-27;726-104 Логопеды;2003663680; Логопед посевы 2024;1338427;t26_k76_group 7;4802403;685;1;2;0;4696;4534;2;1;0
2024-03-27;726-104 Логопеды;2003663680; Логопед посевы 2024;1338427;t5_k26.1_group 5;4802424;900;1;5;0;16961;15681;12;0;0
2024-03-27;726-104 Логопеды;2003663680; Логопед посевы 2024;1338427;t24_k46.1_group 3;4802444;1971;1;3;0;22357;21732;9;0;0
2024-03-28;726-104 Логопеды;2003663680; Логопед посевы 2024;1338427;t43.4_k40_group 37;4806281;857;1;13;0;2952;2554;11;3;1
2024-03-28;726-104 Логопеды;2003663680; Логопед посевы 2024;1338427;t43.4_k40_group 32;4806276;685;1;1;0;5464;5395;3;0;0
2024-03-28;726-104 Логопеды;2003663680; Логопед посевы 2024;1338427;t26_k76_group 27;4802908;428;1;3;0;3526;3511;6;0;0
2024-03-28;726-104 Логопеды;2003663680; Логопед посевы 2024;1338427;t43.4_k40_group 20;4802518;514;1;2;0;6537;6384;3;0;0
2024-03-28;726-104 Логопеды;2003663680; Логопед посевы 2024;1338427;t5_k26.1_group 13;4802545;942;1;3;0;10473;9800;8;1;0
2024-03-28;726-104 Логопеды;2003663680; Логопед посевы 2024;1338427;t5_k26.1_group 9;4802430;394;1;2;0;5525;5355;3;0;0
2024-03-28;726-104 Логопеды;2003663680; Логопед посевы 2024;1338427;t24_k46.1_group 2;4802443;565;1;5;0;10710;10597;6;0;0
2024-03-28;726-104 Логопеды;2003663680; Логопед посевы 2024;1338427;t26_k76_group 1;4802392;1028;1;23;0;15628;15388;13;0;0
2024-03-29;726-104 Логопеды;2003663680; Логопед посевы 2024;1338427;t24_k46.1_group 50;4806398;1542;1;8;0;1753;1597;2;0;0
2024-03-29;726-104 Логопеды;2003663680; Логопед посевы 2024;1338427;t28.4_k63_group 47;4806343;582;1;7;0;7298;7091;6;0;0
2024-03-29;726-104 Логопеды;2003663680; Логопед посевы 2024;1338427;t28.4_k63_group 45;4806340;514;1;3;0;3126;2869;20;1;0
2024-03-29;726-104 Логопеды;2003663680; Логопед посевы 2024;1338427;t43.4_k40_group 42;4806348;428;1;1;0;2891;2801;3;0;0
2024-03-29;726-104 Логопеды;2003663680; Логопед посевы 2024;1338427;t57_k34_group 40;4806294;1371;1;36;0;20750;19320;9;2;2
2024-03-29;726-104 Логопеды;2003663680; Логопед посевы 2024;1338427;t5_k26.1_group 38;4806312;651;1;3;0;1536;1370;8;1;0
2024-03-29;726-104 Логопеды;2003663680; Логопед посевы 2024;1338427;t26_k76_group 37;4806301;857;1;19;0;2512;2139;9;0;0
2024-03-29;726-104 Логопеды;2003663680; Логопед посевы 2024;1338427;t5_k26.1_group 34;4806308;855;1;3;0;9690;9156;8;0;0
2024-03-29;726-104 Логопеды;2003663680; Логопед посевы 2024;1338427;t43.4_k40_group 33;4806277;377;1;4;0;1612;1588;3;0;0
2024-03-29;726-104 Логопеды;2003663680; Логопед посевы 2024;1338427;t43.4_k40_group 28;4802870;685;1;1;0;4514;4415;5;0;0
2024-03-29;726-104 Логопеды;2003663680; Логопед посевы 2024;1338427;t5_k26.1_group 27;4802950;428;1;1;0;5123;5008;10;2;0
2024-03-29;726-104 Логопеды;2003663680; Логопед посевы 2024;1338427;t5_k26.1_group 26;4802946;385;1;3;0;2670;2464;6;2;0
2024-03-29;726-104 Логопеды;2003663680; Логопед посевы 2024;1338427;t28.4_k63_group 29;4802858;3171;1;8;0;11757;11372;11;0;0
2024-03-29;726-104 Логопеды;2003663680; Логопед посевы 2024;1338427;t28.4_k63_group 25;4802852;1182;1;5;0;18551;17397;14;0;0
2024-03-29;726-104 Логопеды;2003663680; Логопед посевы 2024;1338427;t26_k76_group 17;4802539;857;1;8;0;11053;10463;9;1;0
2024-03-29;726-104 Логопеды;2003663680; Логопед посевы 2024;1338427;t43.4_k40_group 13;4802510;942;1;0;0;10542;10087;7;0;0
2024-03-29;726-104 Логопеды;2003663680; Логопед посевы 2024;1338427;t43.4_k40_group 8;4802377;497;1;4;0;11422;11178;2;0;0
2024-03-29;726-104 Логопеды;2003663680; Логопед посевы 2024;1338427;t5_k26.1_group 7;4802427;685;1;1;0;7153;7111;4;0;0
2024-03-29;726-104 Логопеды;2003663680; Логопед посевы 2024;1338427;t5_k26.1_group 6;4802425;1525;1;12;0;14567;13740;8;1;0
2024-03-29;726-104 Логопеды;2003663680; Логопед посевы 2024;1338427;t26_k76_group 5;4802400;900;1;6;0;14349;14024;5;0;0
2024-03-29;726-104 Логопеды;2003663680; Логопед посевы 2024;1338427;t43.4_k40_group 1;4802366;1028;1;10;0;12525;12396;4;0;0
2024-03-30;726-104 Логопеды;2003663680; Логопед посевы 2024;1338427;t43.4_k40_group 49;4806356;684;1;1;0;10256;9512;15;1;0
2024-03-30;726-104 Логопеды;2003663680; Логопед посевы 2024;1338427;t26_k76_group 43;4806371;600;1;3;0;1507;1496;3;0;0
2024-03-30;726-104 Логопеды;2003663680; Логопед посевы 2024;1338427;t26_k76_group 39;4806303;685;1;20;0;5558;5439;4;0;6
2024-03-30;726-104 Логопеды;2003663680; Логопед посевы 2024;1338427;t43.4_k40_group 41;4806347;342;1;3;0;1359;1226;1;0;0
2024-03-30;726-104 Логопеды;2003663680; Логопед посевы 2024;1338427;t43.4_k40_group 36;4806280;600;1;6;0;1780;1563;4;1;0
2024-03-30;726-104 Логопеды;2003663680; Логопед посевы 2024;1338427;t24_k46.1_group 32;4806316;685;1;0;0;4587;4517;3;0;0
2024-03-30;726-104 Логопеды;2003663680; Логопед посевы 2024;1338427;t57_k34_group 31;4806285;668;1;7;0;10142;10057;7;0;0
2024-03-30;726-104 Логопеды;2003663680; Логопед посевы 2024;1338427;t43.4_k40_group 21;4802860;342;1;1;0;3448;3202;3;0;0
2024-03-30;726-104 Логопеды;2003663680; Логопед посевы 2024;1338427;t5_k26.1_group 20;4802553;514;1;4;0;7515;7288;2;0;0
2024-03-30;726-104 Логопеды;2003663680; Логопед посевы 2024;1338427;t26_k76_group 18;4802540;514;1;9;0;8226;7880;12;1;0
2024-03-30;726-104 Логопеды;2003663680; Логопед посевы 2024;1338427;t43.4_k40_group 11;4802508;900;1;7;0;9164;8707;4;0;0
2024-03-30;726-104 Логопеды;2003663680; Логопед посевы 2024;1338427;t43.4_k40_group 9;4802378;394;1;11;0;8709;8131;4;1;0
2024-03-30;726-104 Логопеды;2003663680; Логопед посевы 2024;1338427;t28.4_k63_group 7;4802361;685;1;1;0;7966;7893;4;0;0
2024-03-30;726-104 Логопеды;2003663680; Логопед посевы 2024;1338427;t43.4_k40_group 3;4802372;1971;1;1;0;14043;13463;9;0;0
2024-03-30;726-104 Логопеды;2003663680; Логопед посевы 2024;1338427;t43.4_k40_group 2;4802367;565;1;10;0;13467;12922;6;0;0
2024-03-31;726-104 Логопеды;2003663680; Логопед посевы 2024;1338427;t43.4_k40_group 50;4806357;1542;1;14;0;3272;3258;8;1;0
2024-03-31;726-104 Логопеды;2003663680; Логопед посевы 2024;1338427;t28.4_k63_group 49;4806345;684;1;10;0;15183;14874;13;1;0
2024-03-31;726-104 Логопеды;2003663680; Логопед посевы 2024;1338427;t28.4_k63_group 48;4806344;257;1;9;0;11575;8857;6;0;0
2024-03-31;726-104 Логопеды;2003663680; Логопед посевы 2024;1338427;t43.4_k40_group 45;4806351;514;1;2;0;2012;1801;17;1;0
2024-03-31;726-104 Логопеды;2003663680; Логопед посевы 2024;1338427;t26_k76_group 42;4806370;428;1;6;0;7340;7182;5;0;0
2024-03-31;726-104 Логопеды;2003663680; Логопед посевы 2024;1338427;t28.4_k63_group 40;4806274;1371;1;9;0;5615;4067;2;0;0
2024-03-31;726-104 Логопеды;2003663680; Логопед посевы 2024;1338427;t24_k46.1_group 38;4806322;651;1;4;0;1713;1578;7;0;0
2024-03-31;726-104 Логопеды;2003663680; Логопед посевы 2024;1338427;t26_k76_group 36;4806300;600;1;7;0;2961;2696;4;1;0
2024-03-31;726-104 Логопеды;2003663680; Логопед посевы 2024;1338427;t28.4_k63_group 34;4806268;855;1;5;0;17161;15999;13;0;0
2024-03-31;726-104 Логопеды;2003663680; Логопед посевы 2024;1338427;t26_k76_group 33;4806297;377;1;3;0;1473;1459;4;0;0
2024-03-31;726-104 Логопеды;2003663680; Логопед посевы 2024;1338427;t24_k46.1_group 28;4802978;685;1;0;0;4106;3835;6;0;0
2024-03-31;726-104 Логопеды;2003663680; Логопед посевы 2024;1338427;t24_k46.1_group 26;4802972;385;1;0;0;2430;2357;2;0;0
2024-03-31;726-104 Логопеды;2003663680; Логопед посевы 2024;1338427;t26_k76_group 25;4802902;1182;1;10;0;14250;13451;16;1;0
2024-03-31;726-104 Логопеды;2003663680; Логопед посевы 2024;1338427;t5_k26.1_group 19;4802552;788;1;15;0;32527;32008;25;1;0
2024-03-31;726-104 Логопеды;2003663680; Логопед посевы 2024;1338427;t28.4_k63_group 17;4802503;857;1;4;0;12903;11911;4;0;0
2024-03-31;726-104 Логопеды;2003663680; Логопед посевы 2024;1338427;t5_k26.1_group 8;4802429;497;1;13;0;22424;22424;12;1;0
2024-03-31;726-104 Логопеды;2003663680; Логопед посевы 2024;1338427;t28.4_k63_group 6;4802360;1525;1;9;0;16625;16143;6;0;0
2024-03-31;726-104 Логопеды;2003663680; Логопед посевы 2024;1338427;t43.4_k40_group 5;4802374;900;1;6;0;10406;10255;5;0;0
2024-04-01;726-104 Логопеды;2003663680; Логопед посевы 2024;1338427;t24_k46.1_group 43;4806391;600;1;6;0;4527;4527;3;1;0
2024-04-01;726-104 Логопеды;2003663680; Логопед посевы 2024;1338427;t43.4_k40_group 39;4806283;685;1;13;0;3094;2958;1;0;0
2024-04-01;726-104 Логопеды;2003663680; Логопед посевы 2024;1338427;t26_k76_group 41;4806369;342;1;6;0;2578;2277;14;3;0
2024-04-01;726-104 Логопеды;2003663680; Логопед посевы 2024;1338427;t28.4_k63_group 37;4806271;857;1;10;0;2589;2383;1;0;0
2024-04-01;726-104 Логопеды;2003663680; Логопед посевы 2024;1338427;t26_k76_group 31;4806295;668;1;4;0;10969;10969;14;0;0
2024-04-01;726-104 Логопеды;2003663680; Логопед посевы 2024;1338427;t43.4_k40_group 22;4802861;720;1;14;0;34226;34033;17;2;0
2024-04-01;726-104 Логопеды;2003663680; Логопед посевы 2024;1338427;t28.4_k63_group 20;4802507;514;1;5;0;9511;9451;6;0;0
2024-04-01;726-104 Логопеды;2003663680; Логопед посевы 2024;1338427;t5_k26.1_group 18;4802551;514;1;1;0;5339;5251;3;0;0
2024-04-01;726-104 Логопеды;2003663680; Логопед посевы 2024;1338427;t28.4_k63_group 13;4802498;942;1;17;0;42491;41691;25;0;0
2024-04-01;726-104 Логопеды;2003663680; Логопед посевы 2024;1338427;t28.4_k63_group 9;4802364;394;1;2;0;6493;6071;3;0;0
2024-04-01;726-104 Логопеды;2003663680; Логопед посевы 2024;1338427;t26_k76_group 2;4802393;565;1;13;0;15873;15367;9;1;0
2024-04-02;726-104 Логопеды;2003663680; Логопед посевы 2024;1338427;t43.4_k40_group 44;4806350;857;1;19;0;7283;6844;16;3;0
2024-04-02;726-104 Логопеды;2003663680; Логопед посевы 2024;1338427;t26_k76_group 46;4806374;531;1;5;0;6867;6486;10;0;1
2024-04-02;726-104 Логопеды;2003663680; Логопед посевы 2024;1338427;t43.4_k40_group 1;4802366;942;1;22;0;14932;14804;16;1;0
2024-04-02;726-104 Логопеды;2003663680; Логопед посевы 2024;1338427;t43.4_k40_group 35;4806279;1714;1;44;0;5392;5392;18;0;1
2024-04-02;726-104 Логопеды;2003663680; Логопед посевы 2024;1338427;t43.4_k40_group 6;4802375;1525;1;13;0;20355;19848;18;1;1
2024-04-03;726-104 Логопеды;2003663680; Логопед посевы 2024;1338427;t28.4_k63_group 28;4802857;685;1;1;0;5780;5497;3;0;0
2024-04-03;726-104 Логопеды;2003663680; Логопед посевы 2024;1338427;t24_k46.1_group 13;4802568;942;1;2;0;12663;12023;10;0;0
2024-04-03;726-104 Логопеды;2003663680; Логопед посевы 2024;1338427;t28.4_k63_group 10;4802365;428;1;1;0;7147;7113;1;0;0
2024-04-03;726-104 Логопеды;2003663680; Логопед посевы 2024;1338427;t5_k26.1_group 9;4802430;394;1;2;0;4624;4114;4;0;0
2024-04-03;726-104 Логопеды;2003663680; Логопед посевы 2024;1338427;t26_k76_group 7;4802403;685;1;8;0;9879;9661;3;0;0
2024-04-03;726-104 Логопеды;2003663680; Логопед посевы 2024;1338427;t24_k46.1_group 29;4802980;3171;1;15;0;12230;11975;11;0;0
2024-04-03;726-104 Логопеды;2003663680; Логопед посевы 2024;1338427;t24_k46.1_group 36;4806320;634;1;4;0;1891;1837;3;1;0
2024-04-03;726-104 Логопеды;2003663680; Логопед посевы 2024;1338427;t57_k34_group 38;4806292;651;1;5;0;789;652;7;0;0
2024-04-03;726-104 Логопеды;2003663680; Логопед посевы 2024;1338427;t5_k26.1_group 39;4806313;685;1;11;0;3047;2934;2;0;0
2024-04-03;726-104 Логопеды;2003663680; Логопед посевы 2024;1338427;t5_k26.1_group 42;4806380;428;1;4;0;2958;2913;3;0;0
2024-04-03;726-104 Логопеды;2003663680; Логопед посевы 2024;1338427;t5_k26.1_group 43;4806381;600;1;4;0;3157;3092;3;1;0
2024-04-03;726-104 Логопеды;2003663680; Логопед посевы 2024;1338427;t26_k76_group 47;4806375;617;1;7;0;6156;6101;8;0;0
2024-04-03;726-104 Логопеды;2003663680; Логопед посевы 2024;1338427;t5_k26.1_group 50;4806388;1542;1;2;0;1538;1424;4;0;0
2024-04-03;726-104 Логопеды;2003663680; Логопед посевы 2024;1338427;t43.4_k40_group 51;4948050;342;1;2;0;3631;3492;3;0;0
2024-04-03;726-104 Логопеды;2003663680; Логопед посевы 2024;1338427;t43.4_k40_group 4;4802373;257;1;6;0;4396;3775;3;0;0
2024-04-03;726-104 Логопеды;2003663680; Логопед посевы 2024;1338427;t5_k26.1_group 2;4802418;565;1;6;0;6253;6078;8;0;0
2024-04-03;726-104 Логопеды;2003663680; Логопед посевы 2024;1338427;t26_k76_group 20;4802542;514;1;0;0;6788;6342;10;0;0
2024-04-04;726-104 Логопеды;2003663680; Логопед посевы 2024;1338427;t43.4_k40_group 26;4802866;385;1;0;0;1361;1220;1;0;0
2024-04-04;726-104 Логопеды;2003663680; Логопед посевы 2024;1338427;t24_k46.1_group 17;4802574;857;1;3;0;7986;7656;4;0;1
2024-04-04;726-104 Логопеды;2003663680; Логопед посевы 2024;1338427;t26_k76_group 11;4802532;900;1;1;0;7267;6235;3;0;3
2024-04-04;726-104 Логопеды;2003663680; Логопед посевы 2024;1338427;t26_k76_group 8;4802404;514;1;3;0;5190;4848;6;1;0
2024-04-04;726-104 Логопеды;2003663680; Логопед посевы 2024;1338427;t43.4_k40_group 7;4802376;685;1;4;0;10768;10715;1;0;0
2024-04-04;726-104 Логопеды;2003663680; Логопед посевы 2024;1338427;t5_k26.1_group 33;4806307;377;1;1;0;1692;1683;5;0;0
2024-04-04;726-104 Логопеды;2003663680; Логопед посевы 2024;1338427;t57_k34_group 37;4806291;857;1;13;0;2578;2419;3;0;0
2024-04-04;726-104 Логопеды;2003663680; Логопед посевы 2024;1338427;t24_k46.1_group 40;4806324;1371;1;5;0;6224;4512;4;0;0
2024-04-04;726-104 Логопеды;2003663680; Логопед посевы 2024;1338427;t24_k46.1_group 41;4806389;342;1;2;0;1665;1594;4;1;0
2024-04-04;726-104 Логопеды;2003663680; Логопед посевы 2024;1338427;t28.4_k63_group 52;4948041;857;1;12;0;7530;6456;13;1;0
2024-04-04;726-104 Логопеды;2003663680; Логопед посевы 2024;1338427;t28.4_k63_group 5;4802359;917;1;2;0;11309;11204;4;0;0
2024-04-04;726-104 Логопеды;2003663680; Логопед посевы 2024;1338427;t26_k76_group 3;4802394;1971;1;12;0;26665;25461;37;1;0
2024-04-04;726-104 Логопеды;2003663680; Логопед посевы 2024;1338427;t26_k76_group 44;4806372;857;1;18;0;6875;6559;25;1;1
2024-04-04;726-104 Логопеды;2003663680; Логопед посевы 2024;1338427;t43.4_k40_group 46;4806352;531;1;4;0;4460;4124;4;1;0
2024-04-04;726-104 Логопеды;2003663680; Логопед посевы 2024;1338427;t26_k76_group 35;4806299;1714;1;6;0;1276;1217;2;1;0
2024-04-05;726-104 Логопеды;2003663680; Логопед посевы 2024;1338427;t26_k76_group 27;4802908;428;1;0;0;2201;2075;9;1;1
2024-04-05;726-104 Логопеды;2003663680; Логопед посевы 2024;1338427;t26_k76_group 26;4802903;385;1;6;0;4615;4450;9;2;0
2024-04-05;726-104 Логопеды;2003663680; Логопед посевы 2024;1338427;t43.4_k40_group 21;4802860;342;1;6;0;4701;4354;3;0;0
2024-04-05;726-104 Логопеды;2003663680; Логопед посевы 2024;1338427;t26_k76_group 32;4806296;685;1;5;0;10166;10166;15;0;0
2024-04-05;726-104 Логопеды;2003663680; Логопед посевы 2024;1338427;t26_k76_group 36;4806300;634;1;6;0;1673;1602;5;1;0
2024-04-05;726-104 Логопеды;2003663680; Логопед посевы 2024;1338427;t43.4_k40_group 38;4806282;651;1;1;0;799;657;7;0;0
2024-04-05;726-104 Логопеды;2003663680; Логопед посевы 2024;1338427;t24_k46.1_group 39;4806323;685;1;5;0;3388;3168;1;0;0
2024-04-05;726-104 Логопеды;2003663680; Логопед посевы 2024;1338427;t43.4_k40_group 43;4806349;600;1;1;0;2324;2207;1;0;0
2024-04-05;726-104 Логопеды;2003663680; Логопед посевы 2024;1338427;t24_k46.1_group 47;4806395;617;1;3;0;5968;5944;3;0;0
2024-04-05;726-104 Логопеды;2003663680; Логопед посевы 2024;1338427;t26_k76_group 49;4806377;684;1;2;0;5171;4411;3;0;0
2024-04-05;726-104 Логопеды;2003663680; Логопед посевы 2024;1338427;t28.4_k63_group 51;4948040;342;1;2;0;1438;1349;1;0;0
2024-04-05;726-104 Логопеды;2003663680; Логопед посевы 2024;1338427;t28.4_k63_group 53;4948042;685;1;3;0;8163;7727;8;0;0
2024-04-05;726-104 Логопеды;2003663680; Логопед посевы 2024;1338427;t5_k26.1_group 20;4802553;514;1;1;0;7391;7240;6;0;0
2024-04-05;726-104 Логопеды;2003663680; Логопед посевы 2024;1338427;t43.4_k40_group 18;4802516;514;1;3;0;3701;3640;3;0;0
2024-04-05;726-104 Логопеды;2003663680; Логопед посевы 2024;1338427;t26_k76_group 6;4802402;1525;1;10;0;13992;12806;7;1;2
2024-04-06;726-104 Логопеды;2003663680; Логопед посевы 2024;1338427;t26_k76_group 17;4802539;857;1;3;0;12452;12350;4;0;1
2024-04-06;726-104 Логопеды;2003663680; Логопед посевы 2024;1338427;t5_k26.1_group 28;4802954;685;1;5;0;5337;5199;8;0;0
2024-04-06;726-104 Логопеды;2003663680; Логопед посевы 2024;1338427;t43.4_k40_group 10;4802380;428;1;0;0;8412;8366;1;0;1
2024-04-06;726-104 Логопеды;2003663680; Логопед посевы 2024;1338427;t24_k46.1_group 8;4802449;514;1;0;0;3435;3394;0;0;0
2024-04-06;726-104 Логопеды;2003663680; Логопед посевы 2024;1338427;t24_k46.1_group 9;4802450;394;1;5;0;3436;2969;3;0;1
2024-04-06;726-104 Логопеды;2003663680; Логопед посевы 2024;1338427;t26_k76_group 29;4802924;3171;1;11;0;12507;11598;13;3;5
2024-04-06;726-104 Логопеды;2003663680; Логопед посевы 2024;1338427;t24_k46.1_group 33;4806317;377;1;2;0;2242;2199;3;0;0
2024-04-06;726-104 Логопеды;2003663680; Логопед посевы 2024;1338427;t24_k46.1_group 37;4806321;857;1;6;0;2101;1955;5;0;0
2024-04-06;726-104 Логопеды;2003663680; Логопед посевы 2024;1338427;t28.4_k63_group 41;4806336;342;1;3;0;1440;1308;3;0;0
2024-04-06;726-104 Логопеды;2003663680; Логопед посевы 2024;1338427;t28.4_k63_group 42;4806337;428;1;9;0;5618;5608;6;0;0
2024-04-06;726-104 Логопеды;2003663680; Логопед посевы 2024;1338427;t28.4_k63_group 46;4806341;531;1;2;0;4425;4131;3;0;0
2024-04-06;726-104 Логопеды;2003663680; Логопед посевы 2024;1338427;t28.4_k63_group 50;4806346;1542;1;1;0;1263;1219;1;0;0
2024-04-06;726-104 Логопеды;2003663680; Логопед посевы 2024;1338427;t26_k76_group 4;4802396;257;1;0;0;2868;2469;1;0;0
2024-04-06;726-104 Логопеды;2003663680; Логопед посевы 2024;1338427;t26_k76_group 5;4802400;917;1;7;0;12301;11625;14;1;0
2024-04-06;726-104 Логопеды;2003663680; Логопед посевы 2024;1338427;t43.4_k40_group 2;4802367;565;1;6;0;8071;7850;4;0;0
2024-04-06;726-104 Логопеды;2003663680; Логопед посевы 2024;1338427;t24_k46.1_group 1;4802441;942;1;4;0;7184;7072;2;0;0
2024-04-06;726-104 Логопеды;2003663680; Логопед посевы 2024;1338427;t24_k46.1_group 35;4806319;1714;1;9;0;2186;2175;5;0;0
2024-04-06;726-104 Логопеды;2003663680; Логопед посевы 2024;1338427;t26_k76_group 19;4802541;754;1;9;0;23113;23074;20;1;1
2024-04-07;726-104 Логопеды;2003663680; Логопед посевы 2024;1338427;t24_k46.1_group 7;4802448;685;1;0;0;7202;7178;2;0;0
2024-04-07;726-104 Логопеды;2003663680; Логопед посевы 2024;1338427;t43.4_k40_group 32;4806276;685;1;2;0;6688;6636;4;0;0
2024-04-07;726-104 Логопеды;2003663680; Логопед посевы 2024;1338427;t24_k46.1_group 34;4806318;855;1;0;0;14687;14363;8;0;0
2024-04-07;726-104 Логопеды;2003663680; Логопед посевы 2024;1338427;t43.4_k40_group 36;4806280;634;1;4;0;1341;1312;2;2;0
2024-04-07;726-104 Логопеды;2003663680; Логопед посевы 2024;1338427;t24_k46.1_group 38;4806322;651;1;2;0;1423;1312;8;0;0
2024-04-07;726-104 Логопеды;2003663680; Логопед посевы 2024;1338427;t43.4_k40_group 39;4806283;685;1;12;0;2647;2519;6;1;0
2024-04-07;726-104 Логопеды;2003663680; Логопед посевы 2024;1338427;t43.4_k40_group 40;4806284;1371;1;12;0;9698;7398;2;0;0
2024-04-07;726-104 Логопеды;2003663680; Логопед посевы 2024;1338427;t28.4_k63_group 43;4806338;600;1;2;0;1654;1626;1;0;0
2024-04-07;726-104 Логопеды;2003663680; Логопед посевы 2024;1338427;t28.4_k63_group 44;4806339;857;1;10;0;3483;3274;6;0;0
2024-04-07;726-104 Логопеды;2003663680; Логопед посевы 2024;1338427;t28.4_k63_group 47;4806343;617;1;14;0;21055;20991;7;0;0
2024-04-07;726-104 Логопеды;2003663680; Логопед посевы 2024;1338427;t5_k26.1_group 48;4806386;257;1;4;0;6251;4402;0;0;0
2024-04-07;726-104 Логопеды;2003663680; Логопед посевы 2024;1338427;t5_k26.1_group 49;4806387;684;1;4;0;9772;9064;16;2;0
2024-04-07;726-104 Логопеды;2003663680; Логопед посевы 2024;1338427;t43.4_k40_group 52;4948051;857;1;13;0;7249;6923;8;1;1
2024-04-07;726-104 Логопеды;2003663680; Логопед посевы 2024;1338427;t43.4_k40_group 31;4806275;668;1;5;0;6705;6504;3;0;0
2024-04-07;726-104 Логопеды;2003663680; Логопед посевы 2024;1338427;t43.4_k40_group 25;4802865;1114;1;8;0;10630;9229;11;1;0
2024-04-07;726-104 Логопеды;2003663680; Логопед посевы 2024;1338427;t24_k46.1_group 20;4802577;514;1;1;0;6508;6331;0;0;0
2024-04-08;726-104 Логопеды;2003663680; Логопед посевы 2024;1338427;t43.4_k40_group 27;4802869;428;1;2;0;1907;1837;1;0;0
2024-04-08;726-104 Логопеды;2003663680; Логопед посевы 2024;1338427;t43.4_k40_group 11;4802508;900;1;4;0;10516;9657;4;0;0
2024-04-08;726-104 Логопеды;2003663680; Логопед посевы 2024;1338427;t28.4_k63_group 8;4802362;514;1;8;0;9123;9075;2;0;0
2024-04-08;726-104 Логопеды;2003663680; Логопед посевы 2024;1338427;t43.4_k40_group 9;4802378;394;1;2;0;5252;4976;2;0;0
2024-04-08;726-104 Логопеды;2003663680; Логопед посевы 2024;1338427;t5_k26.1_group 5;4802424;917;1;3;0;13457;13294;4;0;0
2024-04-08;726-104 Логопеды;2003663680; Логопед посевы 2024;1338427;t24_k46.1_group 6;4802447;1525;1;11;0;31451;29799;17;0;0
2024-04-08;726-104 Логопеды;2003663680; Логопед посевы 2024;1338427;t43.4_k40_group 33;4806277;377;1;2;0;3206;3117;7;0;0
2024-04-08;726-104 Логопеды;2003663680; Логопед посевы 2024;1338427;t43.4_k40_group 37;4806281;857;1;5;0;2116;1957;3;1;0
2024-04-08;726-104 Логопеды;2003663680; Логопед посевы 2024;1338427;t43.4_k40_group 41;4806347;342;1;4;0;1561;1489;4;1;0
2024-04-08;726-104 Логопеды;2003663680; Логопед посевы 2024;1338427;t43.4_k40_group 5;4802374;917;1;8;0;16757;16652;8;1;0
2024-04-08;726-104 Логопеды;2003663680; Логопед посевы 2024;1338427;t28.4_k63_group 2;4802356;565;1;5;0;6986;5936;2;1;0
2024-04-08;726-104 Логопеды;2003663680; Логопед посевы 2024;1338427;t43.4_k40_group 19;4802517;754;1;18;0;33395;32685;16;5;0
2024-04-08;726-104 Логопеды;2003663680; Логопед посевы 2024;1338427;t26_k76_group 18;4802540;514;1;2;0;12539;12436;17;2;0
2024-04-09;726-104 Логопеды;2003663680; Логопед посевы 2024;1338427;t43.4_k40_group 47;4806353;651;1;7;0;6665;6665;7;0;1
2024-04-09;726-104 Логопеды;2003663680; Логопед посевы 2024;1338427;t26_k76_group 45;4806373;514;1;1;0;2310;2241;10;1;0
2024-04-09;726-104 Логопеды;2003663680; Логопед посевы 2024;1338427;t26_k76_group 39;4806303;685;1;1;0;2300;2103;0;0;2
2024-04-09;726-104 Логопеды;2003663680; Логопед посевы 2024;1338427;t28.4_k63_group 36;4806270;651;1;5;0;2259;2223;3;0;0
2024-04-09;726-104 Логопеды;2003663680; Логопед посевы 2024;1338427;t26_k76_group 21;4802893;342;1;1;0;3663;3459;0;0;0
2024-04-09;726-104 Логопеды;2003663680; Логопед посевы 2024;1338427;t28.4_k63_group 35;4806269;1714;1;7;0;2468;2461;2;0;0
2024-04-09;726-104 Логопеды;2003663680; Логопед посевы 2024;1338427;t26_k76_group 1;4802392;685;1;22;0;19404;18735;13;1;0
2024-04-10;726-104 Логопеды;2003663680; Логопед посевы 2024;1338427;t43.4_k40_group 50;4806357;1542;1;2;0;831;778;0;0;0
2024-04-10;726-104 Логопеды;2003663680; Логопед посевы 2024;1338427;t5_k26.1_group 44;4806382;857;1;16;0;7165;6923;18;2;0
2024-04-10;726-104 Логопеды;2003663680; Логопед посевы 2024;1338427;t5_k26.1_group 37;4806311;857;1;9;0;1897;1685;9;3;0
2024-04-10;726-104 Логопеды;2003663680; Логопед посевы 2024;1338427;t24_k46.1_group 22;4802964;720;1;8;0;19205;19024;9;0;0
2024-04-10;726-104 Логопеды;2003663680; Логопед посевы 2024;1338427;t5_k26.1_group 6;4802425;1525;1;11;0;17575;16567;22;2;0
2024-04-11;726-104 Логопеды;2003663680; Логопед посевы 2024;1338427;t26_k76_group 41;4806369;342;1;11;0;3783;3528;11;2;0
2024-04-11;726-104 Логопеды;2003663680; Логопед посевы 2024;1338427;t26_k76_group 42;4806370;428;1;0;0;6532;6428;6;0;0
2024-04-11;726-104 Логопеды;2003663680; Логопед посевы 2024;1338427;t26_k76_group 43;4806371;634;1;5;0;4128;4111;3;0;0
2024-04-11;726-104 Логопеды;2003663680; Логопед посевы 2024;1338427;t43.4_k40_group 44;4806350;857;1;13;0;4090;4044;6;0;1
2024-04-11;726-104 Логопеды;2003663680; Логопед посевы 2024;1338427;t57_k34_group 39;4806293;685;1;11;0;2526;2429;0;0;0
2024-04-11;726-104 Логопеды;2003663680; Логопед посевы 2024;1338427;t26_k76_group 20;4802542;514;1;0;0;5507;5437;4;0;2
2024-04-11;726-104 Логопеды;2003663680; Логопед посевы 2024;1338427;t24_k46.1_group 19;4802576;754;1;1;0;15766;15611;7;0;0
2024-04-11;726-104 Логопеды;2003663680; Логопед посевы 2024;1338427;t5_k26.1_group 17;4802550;857;1;4;0;7754;7574;9;0;0
2024-04-12;726-104 Логопеды;2003663680; Логопед посевы 2024;1338427;t43.4_k40_group 29;4802871;3171;1;7;0;11048;10602;13;2;0
2024-04-12;726-104 Логопеды;2003663680; Логопед посевы 2024;1338427;t28.4_k63_group 28;4802857;685;1;3;0;2904;2828;2;1;0
2024-04-12;726-104 Логопеды;2003663680; Логопед посевы 2024;1338427;t26_k76_group 9;4802407;394;1;6;0;5954;5784;2;0;0
2024-04-12;726-104 Логопеды;2003663680; Логопед посевы 2024;1338427;t28.4_k63_group 7;4802361;600;1;1;0;3727;3727;0;0;0
2024-04-12;726-104 Логопеды;2003663680; Логопед посевы 2024;1338427;t28.4_k63_group 11;4802484;900;1;3;0;5897;5543;2;0;0
2024-04-12;726-104 Логопеды;2003663680; Логопед посевы 2024;1338427;t26_k76_group 40;4806304;1371;1;19;0;11104;10606;8;1;1
2024-04-12;726-104 Логопеды;2003663680; Логопед посевы 2024;1338427;t26_k76_group 46;4806374;531;1;2;0;5816;5783;6;0;0
2024-04-12;726-104 Логопеды;2003663680; Логопед посевы 2024;1338427;t24_k46.1_group 50;4806398;1542;1;2;0;1149;1086;2;0;0
2024-04-12;726-104 Логопеды;2003663680; Логопед посевы 2024;1338427;t26_k76_group 2;4802393;565;1;10;0;6844;6348;7;1;0
2024-04-12;726-104 Логопеды;2003663680; Логопед посевы 2024;1338427;t26_k76_group 37;4806301;857;1;4;0;4216;3992;22;4;1
2024-04-12;726-104 Логопеды;2003663680; Логопед посевы 2024;1338427;t5_k26.1_group 36;4806310;651;1;0;0;1993;1805;9;4;0
2024-04-12;726-104 Логопеды;2003663680; Логопед посевы 2024;1338427;t5_k26.1_group 31;4806305;788;1;1;0;6269;6256;2;1;0
2024-04-12;726-104 Логопеды;2003663680; Логопед посевы 2024;1338427;t26_k76_group 22;4802896;720;1;14;0;31548;31465;35;4;0
2024-04-12;726-104 Логопеды;2003663680; Логопед посевы 2024;1338427;t28.4_k63_group 21;4802837;342;1;2;0;4219;4126;0;0;0
2024-04-12;726-104 Логопеды;2003663680; Логопед посевы 2024;1338427;t43.4_k40_group 35;4806279;1714;1;8;0;1739;1702;2;0;0
2024-04-13;726-104 Логопеды;2003663680; Логопед посевы 2024;1338427;t43.4_k40_group 26;4802866;385;1;1;0;2387;2370;2;0;0
2024-04-13;726-104 Логопеды;2003663680; Логопед посевы 2024;1338427;t43.4_k40_group 12;4802509;342;1;2;0;3994;3875;3;1;0
2024-04-13;726-104 Логопеды;2003663680; Логопед посевы 2024;1338427;t43.4_k40_group 8;4802377;497;1;9;0;12338;12238;6;0;0
2024-04-13;726-104 Логопеды;2003663680; Логопед посевы 2024;1338427;t28.4_k63_group 42;4806337;428;1;3;0;4644;4590;2;0;0
2024-04-13;726-104 Логопеды;2003663680; Логопед посевы 2024;1338427;t5_k26.1_group 5;4802424;934;1;6;0;21420;21420;20;2;0
2024-04-13;726-104 Логопеды;2003663680; Логопед посевы 2024;1338427;t43.4_k40_group 3;4802372;1971;1;3;0;10619;10196;8;1;0
2024-04-13;726-104 Логопеды;2003663680; Логопед посевы 2024;1338427;t28.4_k63_group 19;4802506;754;1;3;0;11350;11350;6;0;0
2024-04-13;726-104 Логопеды;2003663680; Логопед посевы 2024;1338427;t5_k26.1_group 1;4802417;685;1;20;0;12268;11895;8;0;0
Всего;;360521;474;2701;1;3235;224;102
